SKU,status
074312137945,Out of Stock
020525107138,Out of Stock
692752121159,Out of Stock
033984019515,Out of Stock
015665771455,Out of Stock
015794062929,Out of Stock
020525901255,Out of Stock
020525956033,Out of Stock
021078011002,Out of Stock
021078021322,Out of Stock
021888109920,Out of Stock
021888121212,Out of Stock
021888121410,Out of Stock
021888201648,Out of Stock
021888204069,Out of Stock
021888204236,Out of Stock
021888217243,Out of Stock
021888217250,Out of Stock
021888351428,Out of Stock
021888800018,Out of Stock
030768033040,Out of Stock
031604025762,Out of Stock
031604043001,Out of Stock
031604043506,Out of Stock
033674151433,Out of Stock
033984000186,Out of Stock
033984000254,Out of Stock
033984000278,Out of Stock
033984000292,Out of Stock
033984001022,Out of Stock
033984001428,Out of Stock
033984002005,Out of Stock
033984002357,Out of Stock
033984003156,Out of Stock
033984003163,Out of Stock
033984004078,Out of Stock
033984004085,Out of Stock
033984004320,Out of Stock
033984005105,Out of Stock
033984005181,Out of Stock
033984005204,Out of Stock
033984006409,Out of Stock
033984008502,Out of Stock
033984008670,Out of Stock
033984008717,Out of Stock
033984009219,Out of Stock
033984009493,Out of Stock
033984009554,Out of Stock
033984010352,Out of Stock
033984010383,Out of Stock
033984010819,Out of Stock
033984011229,Out of Stock
033984011618,Out of Stock
033984011823,Out of Stock
033984012721,Out of Stock
033984013162,Out of Stock
033984013179,Out of Stock
033984013186,Out of Stock
033984013216,Out of Stock
033984014176,Out of Stock
033984014503,Out of Stock
033984014596,Out of Stock
033984015005,Out of Stock
033984015951,Out of Stock
033984017542,Out of Stock
033984019416,Out of Stock
033984019454,Out of Stock
033984023154,Out of Stock
033984023819,Out of Stock
033984024007,Out of Stock
033984025578,Out of Stock
033984027015,Out of Stock
033984027022,Out of Stock
033984028203,Out of Stock
033984031104,Out of Stock
033984031203,Out of Stock
033984032613,Out of Stock
033984033160,Out of Stock
033984033177,Out of Stock
033984033191,Out of Stock
033984036031,Out of Stock
033984037205,Out of Stock
033984041387,Out of Stock
033984041615,Out of Stock
033984303201,Out of Stock
033984303331,Out of Stock
033984303768,Out of Stock
033984303959,Out of Stock
033984320482,Out of Stock
033984512993,Out of Stock
033984549562,Out of Stock
049100401249,Out of Stock
051494104095,Out of Stock
058449192046,Out of Stock
074312032011,Out of Stock
074312079016,Out of Stock
074312413834,Out of Stock
074312793400,Out of Stock
076280047721,Out of Stock
076280048001,Out of Stock
076280048025,Out of Stock
076280082524,Out of Stock
076280083613,Out of Stock
076630169622,Out of Stock
076630169844,Out of Stock
076630503051,Out of Stock
077326149065,Out of Stock
088395014611,Out of Stock
088395016325,Out of Stock
088395016813,Out of Stock
088395041327,Out of Stock
088395052026,Out of Stock
088395172007,Out of Stock
088395172205,Out of Stock